ID,predict
53608,0.060471901280879405
51055,0.6435920463857339
52573,0.8350724388299647
50458,0.38652451562451307
52272,0.876538697202541
52072,0.1726390864428301
50973,0.08665412659835828
50553,0.07002218220152462
53135,0.9338038436649053
53835,0.10701108046798721
51843,0.2156092268179047
54145,0.30025482749998034
53878,0.12185585348434809
54216,0.20319834486603833
51728,0.28965597711220287
52863,0.08888387668101042
50760,0.277097770589926
50823,0.16148481642353132
53928,0.6792610088004426
52683,0.15714560907609929
50200,0.4754008908635258
52984,0.6770852154795381
50747,0.198753676898991
54128,0.6244702869561485
52001,0.5352418659800919
50276,0.16702198429638893
52651,0.1347052343882565
53535,0.7530116126448382
52387,0.8775320172154286
52884,0.9011370558344447
53205,0.24089911292134278
52873,0.06912317506936771
52376,0.1466998033520316
51950,0.105508932482467
51650,0.8753314028236191
53901,0.12089302337586687
51919,0.1548392222968936
50065,0.08304549080473778
52885,0.22648166445721665
51413,0.7401749133684828
52768,0.5037870135377602
51375,0.8544128332853326
54157,0.2228910122993027
53328,0.1889794895295173
53362,0.27893158442513544
52202,0.30782613288523814
50640,0.07236725353278416
52298,0.14473091345690492
53477,0.0857348193441089
50078,0.8705015353492072
51998,0.1721741958051246
52336,0.5937795590210365
52654,0.15147388702380962
53341,0.5847234666800536
53868,0.16351373914498876
52945,0.17368548009258758
52411,0.08456230475608349
52222,0.26142766681462437
51813,0.5133816871564179
50175,0.07925245308587207
51744,0.054507932659501795
53521,0.08160570475732397
51261,0.12575249677356246
51619,0.33457515228100376
51479,0.05310334157873856
52020,0.27629478134995494
53306,0.23709484706748551
53013,0.28956262961353585
50117,0.13434328711444107
51992,0.10824310552886664
54233,0.32602880726211264
51709,0.11171623052942847
50930,0.1695229416637053
50637,0.40455805190038735
52333,0.16115135234412162
51627,0.3224202677489552
53524,0.14568620402074972
50167,0.11308414405148022
50330,0.8174195154327126
53678,0.1465320272266212
53581,0.10949702047453222
50243,0.25603725906505426
50237,0.09798988124953036
53032,0.21811942623493405
50235,0.715135304710872
50012,0.09582327547030765
53264,0.09199442867852219
50729,0.3759506808147971
53195,0.17314989815271012
50069,0.11693561199366366
52091,0.5022775739388576
50697,0.33384813660979784
51477,0.26009489036174255
52262,0.478499177940761
53822,0.16473032234945642
53533,0.7973674922491619
52983,0.6534280472735229
50777,0.1425876018815745
53630,0.20689751467467515
52743,0.16666135566720766
52584,0.33069496169121054
51428,0.44773128899714093
54194,0.096794770103135
52849,0.1757483509091728
52839,0.08819171843951336
52867,0.3547842398658797
53043,0.19478716485781888
52266,0.16945541971714348
52478,0.07528166473657548
51336,0.14989400073524278
52840,0.5766001778160329
51997,0.18106486426551865
53976,0.08409963396818228
50670,0.3364487523682693
50370,0.1057711360283537
50921,0.4990395885873678
50983,0.09708650598125228
51456,0.13006223255867105
53104,0.8731595488517212
50594,0.10956093660124931
52201,0.19214541023308127
52992,0.2842059482549073
50240,0.03738527134251402
50014,0.055701292562073915
52583,0.19234776119692526
52625,0.24652252407447253
51357,0.7619800533584217
50080,0.11251952485446406
50521,0.2622417581347858
51886,0.1752255411293452
52367,0.7799083296676094
52917,0.6332762177269086
53378,0.5934728609716253
50779,0.15263348414740927
52352,0.27884941364136123
50021,0.18336819282506803
50726,0.17105465200944814
52679,0.09452223826332233
50389,0.17463846452604923
50905,0.64472331109472
50409,0.11584747431867404
52473,0.1998726171032223
52089,0.25186382898303106
50522,0.21978201359605218
50603,0.1627796138244381
53796,0.17098277635714587
53167,0.7531535085240214
53351,0.9613331621379552
53680,0.25606040158481885
53273,0.11739769129935523
52913,0.8767705483571503
50098,0.1165519924644827
53479,0.18238762838894432
50804,0.11441894189352464
50074,0.8993856525059702
53635,0.41790951095489387
50189,0.09524491919320197
53138,0.34046114999852717
53786,0.04452042351456548
50268,0.7523110216098243
53688,0.11073796036008614
51962,0.40002919728112557
53639,0.09519023192636011
53792,0.21588380899753276
52631,0.09604217629710561
50129,0.29003656860367705
52712,0.0831337119821601
50432,0.5903087340601526
53221,0.9688975241991946
53474,0.13807283787735464
54232,0.20673955644055503
50151,0.453415098075147
52516,0.08069159042250518
53019,0.18957900506997735
52510,0.9556805743143759
50252,0.39804965471995796
53354,0.1581135555099606
50448,0.4528789905559367
52796,0.31278562631549095
50641,0.9268577467851101
52189,0.902241353697573
53588,0.21739761106002956
53324,0.10046884092426703
51809,0.039854765338380914
50258,0.22334716505173566
54271,0.5990058758064111
52785,0.08333566431026326
50026,0.29290461020016156
51529,0.26317375410040256
51636,0.6834199610487747
52050,0.9124065002070183
52419,0.2830658287314517
53228,0.17391567884558376
52425,0.10683701689663738
53470,0.30662688030403584
52139,0.24874071059320338
50471,0.5210369464883916
52374,0.29122669079772623
50136,0.956817413445154
51736,0.06997766819749598
52638,0.17062911790809968
51458,0.2174700809119877
51027,0.08033843553182138
51870,0.6765929190836806
50960,0.23068326175989753
52212,0.294154461282339
53337,0.6010874843838624
51421,0.9103997384011838
51740,0.19408253369691483
52988,0.3644552575907805
51551,0.09705941969642225
51574,0.288472392339084
52285,0.1622823953414389
51984,0.8410921934062953
52735,0.4063027160008603
52037,0.27482618572196876
51522,0.1395680216469189
52383,0.17478795305116185
53724,0.3089738942804745
52435,0.10408891390683664
51506,0.16917676347050872
53863,0.1447992419408893
53212,0.9168079530364606
50955,0.16283486512639153
51646,0.29686727800778867
50769,0.1734440174310614
50675,0.45837357041778903
54180,0.7322189867067042
50174,0.14066335933847793
52475,0.2445060762628945
52472,0.12368740390879765
52312,0.23178044038174347
51007,0.08211128134329228
52287,0.2885499560060594
52334,0.12076219532685442
50354,0.07731097968306581
52462,0.8339899604313257
52731,0.18603187930572973
53106,0.2047733169778358
52469,0.6671623731925582
53076,0.1758242524983484
50177,0.8057384776790056
50028,0.07426850658173725
51856,0.3501559295002078
53294,0.19126562996584862
50394,0.365147376879644
50791,0.10847677032604769
51325,0.795643345391928
52366,0.25868668692867214
50372,0.12352589146172668
51474,0.17898736844964722
54117,0.12032028622641093
50413,0.3546297176791584
51471,0.2886659806999939
52079,0.2577260896735414
51553,0.5342783479937099
52207,0.5454743032239522
53764,0.09610809080412623
50806,0.11549668547632772
52853,0.10110941849754856
53938,0.9649876136812131
50353,0.597708099446525
52097,0.17258688999903427
52780,0.8647033716676836
50390,0.8940844816677579
53988,0.056126834383649064
53910,0.10360621453418321
52128,0.4067271462709971
53569,0.0823117048325249
53007,0.23047373578529165
54039,0.2936376058158922
52755,0.15361518061586824
52545,0.09778134815975133
50342,0.09107892770741505
52793,0.12546541369798744
52238,0.36449250972598046
50782,0.11349506106074195
51376,0.20224003194680576
51520,0.1880375670913538
53075,0.0997941702125826
51600,0.39903149722662645
53834,0.0634186392176357
53964,0.07713141556745862
51767,0.07221860891157153
51481,0.18370755239482853
52998,0.1301336759744334
52217,0.8890500120665993
53890,0.4977412247070408
54196,0.2718873740445134
53749,0.8801397236930125
52076,0.4077425683902794
54197,0.3944671943455653
52307,0.17017192383880753
53787,0.0876657428237786
53805,0.3689651189361394
51806,0.14176971700428104
52795,0.11529634611102478
50256,0.18544297385089992
51457,0.32936912790891854
53506,0.14130567096352756
52765,0.22533172854700953
52461,0.23426055345482427
53081,0.11775733168833323
54086,0.3810365897495894
52554,0.25348455388986796
51764,0.6326254219629873
53689,0.17172832400970708
53653,0.2414254425667189
53401,0.15600337265775874
53402,0.1379622784270966
50395,0.15014456680909474
50326,0.8951637448702477
51830,0.17886610989874496
52574,0.09337698065314058
53670,0.24729188185007553
52802,0.14404108648406655
51045,0.10414507847717054
51836,0.9313289785924193
50694,0.2491175718930694
52152,0.18919462016755081
52778,0.9014488996133218
53770,0.11469889229066937
50455,0.13921586925613952
54001,0.07956146880786748
53067,0.5855668789489175
52400,0.25507334417955474
53799,0.07836735560136011
50962,0.26229765213872086
50657,0.0903836921646284
50171,0.775651165332278
50035,0.9615315819732467
52200,0.17559116164592217
51700,0.2512892691980671
53259,0.221390836939373
51955,0.5495184905141399
52414,0.11899714425138953
54195,0.7757797768096906
54276,0.22623759316958536
54079,0.9329495002958129
52979,0.29186019026145643
52621,0.21600746740930213
54256,0.1632403449298062
50901,0.2196807478884448
50862,0.2947109912181403
52528,0.15445477491155385
53016,0.3003164687822818
50083,0.3511379219078935
50128,0.0699074641885761
51496,0.7753963756451696
51860,0.6474033247598675
53311,0.10043263938817854
54125,0.11410657687271433
50503,0.26619279611465047
54142,0.24942523763458604
51849,0.12243307244753797
50757,0.03075848839538513
53726,0.31554616092699994
53211,0.14016801816198077
51148,0.14775331582805432
50677,0.19989667277321882
52512,0.2353305487202258
51615,0.8305179931998028
50357,0.1603057117128952
53691,0.28802753134831466
54132,0.33821674212729314
52492,0.6767860265924494
52664,0.17147871815197324
50125,0.1360769674786214
50306,0.206700946728666
50746,0.20908786663736498
52858,0.2748082530094524
52481,0.19240286878598792
50216,0.7893771632230691
53087,0.9711177606635086
52669,0.5947383797196609
53386,0.18820363348157107
50662,0.12110739517509847
50508,0.37882823116666237
51989,0.08267407879844094
51005,0.27893315822285714
50311,0.14771472890763893
51450,0.32196844435934147
50579,0.36027938038421714
52130,0.09908201932744748
51125,0.3576323568069716
51894,0.18619346354261346
51270,0.25395895675230884
50060,0.20517205258949764
50343,0.16398663120624232
52228,0.659096686493828
51406,0.17821734601775424
51340,0.09290563935262472
54242,0.15756152613995433
51787,0.28827517391640195
50481,0.6830478003598056
51278,0.252232601014104
50736,0.23517427895456794
50964,0.18604681098761036
52105,0.3856988362766318
53892,0.9301675510978847
51657,0.10942090018096005
52729,0.24805713938182483
53721,0.2149380841114326
53307,0.16090976580620167
52122,0.08138800387959054
50447,0.18700214267420673
53420,0.12539398274625074
52167,0.17040472763247494
51277,0.11390688226172088
53643,0.23984381051886575
53975,0.08460820552608377
51290,0.2808092904366427
51315,0.2624938513783126
53206,0.7642728345892706
52586,0.26016186914120387
54234,0.21559065233856692
54124,0.14624305056145095
51697,0.6515227367429748
50856,0.20050057421283532
52980,0.11138564990841589
53489,0.901113594503958
53000,0.17099626215973351
52997,0.25755903759549625
50750,0.1546629598323785
52301,0.07408581544246344
53141,0.09792443374391481
53573,0.25126638474332685
51114,0.109913382413866
51648,0.06276801140872097
52415,0.6703351330751705
51000,0.07650250373178175
50005,0.10737425019755394
54249,0.262206139389291
51300,0.15003120230721717
50365,0.1475063543302304
53544,0.13847882085385144
51069,0.9550461836346809
53849,0.12472896547571495
53158,0.09511794386246084
52094,0.29960798071706
53502,0.42367597526106615
50690,0.8730440827081797
50564,0.07433861199722812
50885,0.20546669316649205
52544,0.20343815153062605
52265,0.23916164643195742
53086,0.26971661475643416
50981,0.11268486602625848
52368,0.19632386837113358
51305,0.19617021121078562
53695,0.31831311991182837
53657,0.46340542075115515
52423,0.8245163073845705
54008,0.36612527365625275
50576,0.7781894341950394
51225,0.12137978622195456
52017,0.27445961920680056
50975,0.12026771602522462
50162,0.207074028161252
50077,0.1814127157819405
53500,0.27676295569556697
52294,0.6402975530928803
53698,0.24875152038602402
53672,0.1321447267127533
50081,0.767068267884028
52320,0.09161994608570574
51263,0.9400676283865477
51347,0.10978142127396684
53098,0.1535408254323027
54053,0.47463799743017093
52790,0.9122788776335986
52646,0.3137823810596534
53699,0.09887017774917922
52871,0.19669973634702256
54085,0.10446853582140052
53117,0.8832037460401544
51053,0.6665033979535233
51779,0.9831943823098765
53031,0.6349091340361358
52748,0.21434576635265942
51524,0.4483253841814629
51158,0.32826083395982625
51418,0.8222037331768294
50027,0.06523821004745184
51085,0.09895388116180664
50452,0.7461185571639387
50255,0.21706017492001026
51986,0.17633921656851656
51244,0.33302607261103273
52026,0.13567613934838393
53752,0.13475873233372537
53166,0.1352445934414073
53345,0.20739256774320108
53139,0.4695887758915914
50214,0.5727254882718787
52681,0.11866052287898693
54057,0.2344015907856306
50199,0.10170038285110208
50246,0.20203461454190655
53734,0.0788017462415143
50857,0.08214579700248448
50463,0.6859115530505905
54041,0.1270631183162642
54058,0.18357866397160874
51569,0.8625525824741291
51649,0.6515136458966241
54209,0.0802942414172899
54007,0.3036521782710476
50836,0.43048118186472806
52699,0.19253305171726376
50164,0.30650203211976873
50321,0.6175278713737486
51067,0.9555557268143252
50610,0.08771309074995623
50514,0.22371696166071167
52362,0.42507264764798997
50251,0.07880130913557981
51025,0.19413728396927735
50623,0.2353229366650466
51572,0.21028706317626186
50632,0.2973432667123164
52650,0.1648307294594778
50988,0.17284994764341055
53916,0.2914125435593752
52652,0.6898781893136781
51397,0.13703154907967485
53659,0.12808425628294542
51957,0.13153548019736333
52899,0.04929668804544031
51472,0.169456287330633
50263,0.8608682982810225
50018,0.15390737472814
53948,0.09368095939245448
53967,0.9394474408560591
51250,0.16071760817824524
50100,0.21766191264855514
51865,0.2631937289604587
51123,0.11842749062048195
50376,0.2862046850399723
50420,0.2836617249717116
50611,0.8898681134942884
51100,0.683021499046479
50138,0.33181147876529027
50995,0.2963589228899015
50584,0.12990989080334342
52684,0.8006558967019485
53806,0.22425192772075545
54245,0.683216899660575
50950,0.09109236133499601
50896,0.11813040100605954
52628,0.09060298819939894
51021,0.4503683449564397
50883,0.5529998368629421
53700,0.21334878629493276
53914,0.2959225891725803
50501,0.18152511631464127
52317,0.6381145726900745
50215,0.12603444795001748
51750,0.7974307004032786
52068,0.22675233574259362
52064,0.342692166779424
54139,0.06283549559813785
53953,0.7656045554026618
50470,0.1773346973047287
52188,0.9242113653161991
50556,0.10897261923798245
50768,0.8644889323929903
50972,0.7175421265366227
53045,0.15663572114775098
51431,0.8677935485264713
52235,0.09732989106127216
53077,0.2454947232743252
50329,0.5083760237279841
51172,0.9260215193061506
53154,0.9700541561399962
54059,0.18030233323066608
52974,0.1940212057828665
51207,0.5480190430832017
53282,0.10736745919878489
50325,0.1492801371334022
52820,0.14969784109228995
52003,0.165134151394423
53281,0.6992869068887827
53607,0.3081839250698293
54108,0.20293005657111088
51443,0.09000158533578384
52708,0.35210932308222614
50843,0.5909037913525901
53855,0.7461599946400163
53904,0.7787716523974715
51653,0.1900171507148239
50400,0.4383168269129251
53319,0.12749537430928182
50755,0.16938347710689264
52125,0.4213382594421371
52553,0.14380404674784095
50346,0.07338518893810642
50278,0.15054653634910872
51466,0.12004381503172798
53778,0.06540468812910949
52640,0.0731498923230877
50600,0.1237287221857384
50560,0.1271865924107194
51679,0.12440109412000919
50270,0.335867777579174
51233,0.28765018286099137
51968,0.08227667872516753
52296,0.12594154761495713
53037,0.20861841740037781
52842,0.21696915376694884
54052,0.08894608645784094
50300,0.19618350256023925
53753,0.17777219201257827
51848,0.12214553346767168
52048,0.2575269066770104
53033,0.5553893256955051
50920,0.7419324275096109
53927,0.29955718450570906
53930,0.22876696988231518
51799,0.17316269331276077
51253,0.5926697549823754
50195,0.23372054286060023
53454,0.24286516808576533
53883,0.1637952408827249
52350,0.1175035409115535
51291,0.24111581421745495
51591,0.7978629582300661
53431,0.051316738417360355
51946,0.22341613243349454
52056,0.7560190328628652
53779,0.3097287587543972
51419,0.22499598078911093
53413,0.14004678687138303
53512,0.20702917357593326
53663,0.17688359364450265
50544,0.1336610115602142
51577,0.15697685992685007
53870,0.6164862048536798
51387,0.13537359633993898
50047,0.32953498033433465
50748,0.8502513517311686
54238,0.16508718111991144
50737,0.10267851535037001
52016,0.12181089445202631
52619,0.04752977717858915
50969,0.13469248868729639
53567,0.2833932813265266
50183,0.07027674283443272
51681,0.092452745391148
51330,0.2991651876450111
51935,0.1761883473396397
51706,0.11261961333276507
53293,0.5690881113801026
50259,0.21327954761339926
52117,0.5662497031735341
52208,0.08804713131739536
50518,0.7519272106200965
53490,0.19598176779546495
50043,0.14620799060851397
54162,0.1373579075061734
50568,0.6828059443578278
52284,0.9231292198073409
50570,0.06878089415194344
51094,0.3163367689918588
51381,0.7225311906187677
53355,0.1465530875466948
50261,0.10797060732027175
52073,0.5870123071372857
50655,0.23617160216398433
50796,0.21254683257391824
53116,0.11545577516903376
51631,0.11151074937178064
51720,0.7906249492436868
50754,0.17055709246399714
54116,0.1728660794905389
54077,0.7149261313829601
54171,0.7085820116883988
51961,0.22006717474087453
52329,0.3137992900089667
50829,0.1955895638777973
54064,0.1741859893686456
52850,0.22907798844490135
53412,0.4189112964466628
52490,0.15862968959407353
51464,0.16406695109622713
53520,0.6102830571630861
52029,0.08488638539196441
54005,0.9309033840902516
50279,0.41077215123877103
51539,0.872289724862525
51200,0.27606315549517146
53235,0.1416663209375408
52474,0.3544675773935552
52131,0.19454090099784366
50776,0.585032701083289
52397,0.16585944279041298
51800,0.24566196916892538
51774,0.19975207440774823
53568,0.19323412146801844
53058,0.28618975038135697
53854,0.18915067798891375
51533,0.21283580715373393
53178,0.08473295327119248
51390,0.10808233007920896
51753,0.139541247607719
51793,0.07446633208173341
50170,0.24388377068510414
54239,0.22090987949224178
54032,0.5657035737161487
53216,0.2622337160302291
52878,0.18821892487324388
50833,0.14764712176446135
52770,0.21367933552055735
53574,0.3344230433638513
51676,0.2302446221167026
51396,0.03551912016531431
51508,0.16259086406208856
50375,0.2415140156396858
51987,0.08920137678639409
50863,0.9075650100312229
53487,0.23469866204693585
53022,0.33088852634050553
51943,0.08600293354001391
53427,0.12097480016168424
52592,0.6958296397117278
53428,0.0762377675652272
51956,0.19973005506644892
51659,0.0921151004814425
52964,0.34243483306210554
53879,0.32049111651583395
52933,0.7977923982683859
52527,0.5404966297219306
51541,0.5085007613688007
51530,0.13584594200772743
50533,0.346715407570249
52120,0.028771686865684508
51116,0.9847927162716676
53339,0.30213050841269834
53934,0.1769787011505683
53708,0.255334032993505
53169,0.1525448621141808
52773,0.09931759991473903
51267,0.9581047637705383
52532,0.7154325152021827
50575,0.12629057270373
50185,0.5706863960983476
51164,0.1606456128257988
51716,0.5949778730353581
51341,0.05475895293794402
51985,0.7873931071132997
52183,0.8218115831244363
51440,0.26293317215362455
51796,0.7171146471408115
51863,0.29844021187640474
52277,0.21880299729115169
50537,0.21380701198243668
50865,0.2013398998848675
53712,0.1040399905907673
51048,0.23973006985403336
52086,0.07367549549177933
52688,0.2509988030251186
51119,0.22932268079721124
52182,0.20319161678732903
53254,0.2686939307042573
50344,0.2087821786999344
50541,0.1900356170478633
50186,0.2250214015916552
51643,0.24002588895503235
53839,0.12938149241262425
52113,0.16487231706314465
51425,0.365860171435015
53710,0.13547449829833685
54138,0.1397698122402989
53404,0.34107564838458665
51754,0.09896824217107644
51402,0.26100505212412156
51658,0.7153055224019079
53982,0.1005143362044699
53844,0.17237637671257267
51426,0.15743784666083604
53163,0.3121137342667243
53321,0.48429948724500826
50001,0.11446282550072949
50601,0.21646655069028212
50046,0.2500275022742192
51807,0.2945677812496549
53251,0.18279289666289975
53450,0.10554889506988815
52902,0.10559405849401918
52579,0.17341121966785042
52363,0.4198031775149818
53641,0.30988070693249825
53739,0.4059721939953597
53600,0.35448287932280903
53179,0.4317972233784592
52470,0.10852833181928831
53563,0.21848741933048227
51876,0.9348990581632904
51630,0.51934883254379
52196,0.15000777809254115
53350,0.8584152973970801
53555,0.3424969677383535
53276,0.239796059402942
54026,0.16279409812931744
51088,0.1478273020969732
51377,0.08932065202692817
50434,0.08768293693590852
53125,0.2360292160699013
53703,0.06877492661028425
50055,0.08761299907658539
52614,0.21451553268135523
50820,0.08747550986795286
52341,0.8236046361305179
52219,0.17466525257442586
53886,0.23829516710436846
50087,0.22011139622468018
53971,0.6537432775339025
51515,0.12558699704900642
51687,0.2273170812957269
50982,0.15555612874448993
53447,0.09020850693961203
52375,0.6418575806410982
53072,0.09815035021244205
51103,0.251815175516235
50700,0.09372315454785206
51725,0.11025526516402472
53831,0.5984832923164334
52900,0.9582392098626011
52599,0.07029825901105834
52293,0.15369015827918833
50622,0.227793487891833
52112,0.28537054554041974
53299,0.1863469026865194
51297,0.18643268231211463
52837,0.559311766218911
53702,0.15867003284427297
51978,0.18948161720369702
50442,0.8939317300736329
51281,0.21529291353764424
51575,0.2635107867897975
51039,0.12691519803573637
51994,0.08194775841529865
51031,0.14034496632327903
52662,0.13067630142764178
53807,0.2514990152663955
52304,0.12300738821278083
52110,0.13767697136631668
51392,0.7386502776168657
52090,0.1566844153508959
52630,0.6460043634420748
50137,0.15266340160444208
51899,0.16334914185918148
53619,0.09181802852757329
51274,0.2659987844578883
53271,0.1268855435431725
54176,0.13846202901790478
50404,0.23047281535482134
50691,0.27363373097655846
52178,0.21206844702214023
51632,0.12534102658692148
51232,0.6066177537796279
53488,0.17298737884089083
50053,0.09230526282739838
50269,0.8305315221250775
53584,0.2545964280688396
51247,0.13722067097676027
50659,0.0803678856839774
53226,0.4022728960927177
51480,0.1764832179116612
53329,0.3253162849476312
51223,0.37662934944427207
51444,0.12461591791234321
53147,0.44324060314177105
51835,0.23065453361283375
53348,0.1784033597337152
52674,0.12921943276395673
53853,0.20083885556483883
51527,0.12902372204241289
50997,0.12487515078247974
53057,0.9358548480426352
54022,0.09285678944316321
52626,0.2085989779280914
51696,0.2616797362821974
52002,0.1839388619359277
53578,0.9073056846947312
53342,0.62452124035124
51190,0.16272014312882366
50097,0.14821167698448554
53270,0.18668424463007904
53679,0.12670790285417102
51802,0.12301809527974375
54150,0.13765110856759558
51201,0.19891286485599985
52109,0.2498811266680787
50039,0.1182564112678841
50913,0.14685950764174815
50336,0.28394018204863714
50826,0.7863311236616282
51851,0.11651389415703545
53118,0.7078042515182669
53177,0.8492178187920648
51109,0.20041081699232285
53069,0.461162815981319
52013,0.035110460883135214
52761,0.2714356968631602
52993,0.16516894777766106
52887,0.8216278656113463
50909,0.3059805557559027
51616,0.830108654359776
53352,0.7678950114595752
52941,0.10093413005275238
50286,0.07245654073048598
53780,0.18664636952449606
53911,0.28318214891870286
52624,0.22420808680885207
52612,0.29357011514605674
52011,0.1739916844252724
50361,0.14674931989198206
53466,0.2599383487314132
50660,0.748674548656051
50320,0.40964091473436287
52833,0.9302568495571121
51204,0.3279911201790592
51494,0.6035383187859715
50852,0.1565577907805978
50728,0.8893886314051451
53336,0.2675277550377405
51295,0.07294592436959384
53255,0.19446753288439694
51235,0.31418699474140843
50940,0.16666615858278158
51936,0.1738612827451768
52524,0.22744918724176216
52762,0.0991692866904414
52232,0.1318864725916305
52365,0.40161170648717387
52099,0.1323011954628668
53054,0.15731227020168484
52500,0.2397697178727208
53433,0.7523729744544677
53881,0.3077384441213457
53626,0.7730474999130746
50770,0.2926623108776052
51409,0.2520222300697654
53933,0.10206108824259229
52264,0.15704495757274695
51065,0.24849634415002853
53915,0.16454502027673581
50801,0.15920597737929043
50331,0.4959702950599373
52295,0.636691484290516
52360,0.42946190558669
53772,0.34814175159444494
50866,0.23330627736388118
52486,0.9298130100515594
51234,0.20301313832037204
53066,0.05983568126935032
52783,0.11167744591629884
53652,0.63708299683484
52460,0.1404568505988463
54020,0.1467520488824553
54006,0.2545454702639381
50695,0.057161825382205676
50665,0.18570917496878922
50319,0.7349428084944958
53722,0.28675178353607345
54191,0.2467857287188632
51973,0.45400746280731663
52179,0.07553340859401683
50283,0.28683764108708387
53501,0.2077511395096112
53537,0.1298349739215052
50220,0.18345753535268253
53547,0.22414473117952216
50735,0.033741651388416935
50356,0.2249245380544564
51602,0.20158258539053484
52832,0.7239474212313393
50716,0.7146630599886783
50821,0.14484910821190466
51195,0.28224670942431435
52954,0.2634807264479148
53723,0.27303580162521635
52536,0.1439664886025883
51601,0.9552610599866891
51879,0.116820288969843
51159,0.18299489744743758
51003,0.08202050909808661
51294,0.27838746361135963
53290,0.26562297965860177
50721,0.21540373409045982
54259,0.24342111144733727
50484,0.08162195141711892
54149,0.865842236060518
50172,0.29841250937689656
51346,0.23417724913035043
54017,0.8717720249403963
51156,0.10481645386087396
51091,0.08764328622142317
52441,0.33806393839743626
50427,0.15408179569715297
51493,0.13227858446452712
50222,0.1682805148726152
50369,0.09482622184550446
54118,0.008528157680150973
52141,0.08184328822204534
53408,0.17730033368697545
53356,0.29638643641140777
50123,0.1484205833440965
51971,0.23963758256544768
52506,0.7922886155573142
52909,0.10341405478729769
51563,0.653026835780741
51302,0.573392802476808
51008,0.16580064888324025
50719,0.1445621405823289
51705,0.1506455250148784
51046,0.7653804598548702
51548,0.4018314928716239
51781,0.5773965263102997
54082,0.36542977099377943
50952,0.09800072065548672
54113,0.5955940699902437
51323,0.23915775635637926
51498,0.22372730388157147
50317,0.20283975912587537
50767,0.38246495473420195
50881,0.7744868741417197
52220,0.2381084474304708
52243,0.24740301710782328
52947,0.26523157531982744
51732,0.4397901021738896
53492,0.14969564087003479
52314,0.21402378090513383
51043,0.2392759986382634
50461,0.2566628853604786
52564,0.09432997636002527
53540,0.6007569503337852
53597,0.11432226892191111
52792,0.16357917867330554
51182,0.6671234167542754
51173,0.4980278155171787
53225,0.127145508721763
53395,0.10782419578105162
51829,0.4431742900991941
53053,0.7346840518832931
51212,0.48954029193964016
52660,0.13938799542124067
50872,0.768618688894467
52815,0.8398428886179228
52784,0.630983070034983
53634,0.32984257803862194
50669,0.37865019565544367
52042,0.22584853072700858
52246,0.1608012691021674
52004,0.9339657647353168
51184,0.19813123039482375
53185,0.16992408675308007
52587,0.21401116642361442
53495,0.1256961232024919
50870,0.12818956775547463
54282,0.8970444396523307
51120,0.6788797174664103
53152,0.8036049688407249
51144,0.9350461225974248
51188,0.336971694107355
52606,0.3621336392156476
54126,0.10455749651040173
53810,0.36390999489817394
51714,0.2166623468572793
53472,0.17557001495295277
50341,0.2321409711136426
51245,0.31010431728388216
51198,0.16862675766237403
53171,0.4154409393709557
50977,0.14313509159945945
50751,0.11277539722391192
50925,0.14908179086215884
51776,0.11267573229413713
51923,0.8121224185788987
53220,0.16929673296934727
51969,0.14144078062096332
53596,0.9470175041494482
52834,0.04078230875552333
51938,0.23227859238067486
52482,0.09990382664603756
52973,0.46516061875481507
50282,0.15009100941993367
50091,0.09439174275986315
54286,0.12265291510333658
52883,0.26750820705340256
50161,0.09356396476845841
51859,0.13325671809616427
53315,0.08626781468224065
50607,0.232635613142704
51694,0.29597584365995433
52772,0.2133470594242201
54208,0.980100158181774
54255,0.12658443985276097
51596,0.05780740292187047
53036,0.7902199969524738
53511,0.23442227446559208
52678,0.562648581054941
53366,0.7617860032490662
50105,0.586153349388958
52244,0.06060943894392607
50762,0.222821042184289
50548,0.9440507187678955
53782,0.31671292951133195
53612,0.21220464210409806
54129,0.6031101424623941
53111,0.9128290412244858
52012,0.2924587218228545
53199,0.17879739579827128
53745,0.07958589160835096
50653,0.313782281649202
50980,0.4767356612583204
53516,0.6817077761986508
53186,0.09426820350209124
51136,0.1480556080579976
53922,0.7483116681193279
52278,0.07091722179586327
53744,0.20051726989518842
53676,0.10727949778955866
51343,0.19263025997686867
53485,0.8409657414821156
52854,0.09447254355446032
50135,0.40352100669086144
52950,0.2526561430512621
53323,0.6207553508604968
51691,0.2570843802046851
53811,0.029144216614362315
51167,0.6874977020473563
50439,0.16776942414636822
51266,0.7145500652654198
52661,0.6423565596657662
51101,0.20370180675427146
50933,0.9074601712398046
50090,0.1277191371635091
53476,0.4276524288140391
53446,0.7906178518282954
51726,0.07388487113834767
51765,0.18358561570448928
52540,0.1631461739018773
50033,0.2946843514858704
50963,0.10269060891959753
50431,0.14102824635798555
50449,0.22740052170416142
51671,0.927361649511884
50543,0.16810474638513873
52465,0.16841967591272383
52995,0.11841965936578902
50650,0.11420590253496611
52601,0.13821486093250018
50687,0.22356423105179798
50948,0.15993667352988108
54243,0.1668100704716723
54206,0.164082200175621
52251,0.1845685677403626
51106,0.07308737135530864
51081,0.7774199846031861
51139,0.6164940979539312
51892,0.6641742068602643
52666,0.09363566798774497
53694,0.8518412439616163
53804,0.18397888715799626
50592,0.39314186848471194
51107,0.29845533637778077
52704,0.861629726127394
52450,0.8007378666456847
50838,0.1656802515030277
54173,0.06285161078239675
53286,0.18914160696574783
50810,0.24658947620335153
53256,0.2273358836016088
52910,0.0924540986687024
52929,0.9082370537672192
52694,0.08815552554495386
54091,0.08699375570743229
51491,0.713835173051982
51226,0.221602042878805
52541,0.18290849342776508
51161,0.16394440706053673
52581,0.25820443464640913
50454,0.6270240179040876
53601,0.13330965269839753
51112,0.29166607527449256
52417,0.32795251908582856
50661,0.11545807127751402
50298,0.9007071588215084
51024,0.29493871926594206
52604,0.17706061470404086
51930,0.1557403720482721
52267,0.09140817148941592
54158,0.1406861648361447
50985,0.20315104706352888
54183,0.5409635099332974
53023,0.37120344954417894
50552,0.2586099434687667
51298,0.15699474774026187
51213,0.09908329906811834
51932,0.37918919848525207
51389,0.28739967402873723
50984,0.225937355917329
54013,0.1124264368472674
50489,0.0968189982827889
52823,0.7295869118230341
52340,0.2406075653425822
53441,0.5477888468069027
54210,0.19813115375748896
53430,0.8194848820937316
52588,0.059545343366939375
54225,0.14750931516076718
50635,0.2648418594612188
52282,0.10371165716199005
50646,0.3584453983928394
50464,0.17635816662659304
53900,0.03371573748121497
51366,0.27648203659963827
52565,0.9495900123712548
52163,0.12564311745706985
50423,0.2581227906430517
50457,0.20854938465553943
53645,0.2866691028550123
50383,0.3755488610817948
53882,0.17369924076814006
53668,0.1446242922613833
51303,0.09959910893252534
53951,0.2178809403532831
54012,0.6158656520799526
53677,0.24598333362332508
50324,0.06966646872630404
53078,0.21918461156143024
54187,0.3864922640525023
50523,0.16396132835306884
51511,0.8741640761990275
50509,0.15129887556302404
52393,0.36155732363840465
53508,0.34878410426557416
50855,0.09723029244037892
54287,0.33862657735601714
52407,0.40655542303232756
52092,0.08017866087815108
53132,0.9373270557710439
54110,0.7119439685823917
53403,0.07058043207765137
50778,0.10942712227876221
54205,0.3601809074874231
52801,0.13207265493738987
51097,0.2827574531256713
50011,0.942176249655942
50986,0.4426206717968561
50024,0.22037839293609543
54088,0.33738063159071885
50676,0.1853431003223065
51478,0.24658247841679154
50111,0.32459714157486447
53274,0.10070905677654601
53514,0.10293414285580814
53038,0.15365443253021124
50773,0.6443491245866758
50173,0.057537437801485625
53784,0.21061701715449416
52868,0.19038967438134005
52401,0.19745545838253467
52177,0.820739949792637
50242,0.7683628164036396
52351,0.09792154189741088
51401,0.6158106256928324
53280,0.8653736726658591
53200,0.13866855277907644
51735,0.12439598167584867
51939,0.8368440745175973
52377,0.11042590745018101
54240,0.1995738573887627
50976,0.1571380808404005
52617,0.23216796237173512
52248,0.407335300609825
52305,0.10623906529722527
50228,0.2677190015983979
53517,0.4940326375107613
50524,0.3017539546122813
51542,0.6936212177405916
51077,0.18965158706040675
52860,0.17089544684924357
51386,0.3174176490594814
51206,0.04779175943952186
52856,0.39347878247510093
53838,0.11440844949892007
53334,0.19803267714776238
51113,0.07232306447341054
52707,0.8164973520887506
53802,0.27898076092711277
52347,0.7176652720460931
53576,0.7708817774738902
53115,0.9174236366583046
50093,0.33357856131119196
54073,0.67485842344363
52739,0.38641765811977713
51605,0.3499921285761926
51808,0.2941180479525211
50551,0.24876141412484856
51995,0.08362322771776694
53052,0.09018294390014853
51304,0.27634119713388
50163,0.08193453065121428
50557,0.9134553796412015
52695,0.19278131273530216
52797,0.08009506411905258
53947,0.42530467489426055
51040,0.8419933841698819
52166,0.14898206757686408
53325,0.07854870802725343
50938,0.6477976798771015
52557,0.13245420049926926
54237,0.12507791585627273
53398,0.3302482955411664
53666,0.3122084461883148
51334,0.13338996302226616
53207,0.08757089130327138
54170,0.20131560251149372
51364,0.6864978507336122
50309,0.7372456149511234
52138,0.7728935144586889
51311,0.13159920475895345
50063,0.44745129516364907
53509,0.07223335127815722
53467,0.10160198649326169
52364,0.08461265252371195
54147,0.11751075142287445
51151,0.541178443364304
53662,0.2651678891413548
50349,0.6435040288020828
51949,0.31792704045975073
51821,0.10945084172738136
53693,0.15125590835381336
51737,0.4017324682925499
50664,0.41920262554901755
53182,0.8873862656920004
53405,0.25044568633571274
51254,0.7620517348367788
52535,0.1121466341915902
51371,0.07540554387554878
53365,0.13364875592125666
50038,0.2910631975194072
53491,0.20706955606594496
52132,0.13396099394324307
53536,0.34311473779281826
53956,0.16023925145331294
54260,0.1977944582603651
51815,0.7700732992420611
52070,0.2214212385217074
50210,0.16266569288491686
52647,0.8308593442428039
50511,0.14163656662608806
54192,0.18568271340986453
52794,0.18129973511964823
52649,0.07414919172406798
51778,0.5100436188741512
52939,0.8072237493053358
53836,0.22647280080474483
53381,0.12372163862037243
50683,0.21624980520477777
53392,0.23155723829679895
51980,0.7978189806625211
52033,0.16487963650442503
53551,0.15706404199615848
53687,0.2494226032327057
50674,0.26452888418482384
50835,0.7112919676865366
53283,0.04817034560244112
50388,0.07083550120824142
50465,0.1343279527250461
50618,0.03261627763192376
50812,0.31378117377013093
53593,0.5485248970416748
50722,0.04639055111869514
51187,0.5260143590607375
51510,0.14935146740270422
52436,0.8942157585416863
53826,0.20746400945829974
52039,0.20810221644656485
51393,0.1311384473922123
52690,0.1270223775910907
52160,0.6435979086176953
50176,0.1629379111133107
52848,0.23656707229412302
50540,0.881228480887754
51844,0.563186297891673
53009,0.3046161872981943
51519,0.22803312678266008
52805,0.1949279550544263
53415,0.13920082072434947
54269,0.2425634139636808
53674,0.07484993424180775
51897,0.4299000637727733
54043,0.07584102084597381
52237,0.1445515455692037
52326,0.16569007270043898
53906,0.5781539395400153
51719,0.08391294920915436
51329,0.7058909567708584
52446,0.292071862802981
51675,0.051288939849780155
53591,0.03614828448350074
52934,0.2114894844200837
52521,0.14547888658436958
52459,0.18963399381484786
51862,0.10185389152967779
51162,0.03783297816853642
52515,0.22396623114767378
51566,0.3085870070541033
50460,0.18407241524939266
52227,0.18587691955907965
53462,0.04943493127299389
51682,0.09985697276050631
50416,0.11702703399408884
51670,0.7195008483967341
51301,0.16510180760547205
52719,0.325737854416892
52274,0.2761574626122095
52742,0.16183060144115807
52897,0.06958908629386311
53954,0.04418477465717053
53112,0.7890411720332963
53505,0.157190532290001
50042,0.19416757361121836
53912,0.06562909593725337
53539,0.0783154933501571
51385,0.4919928745845179
53361,0.20473471504478719
53155,0.12649527848321654
51833,0.08960223124405584
51861,0.22201366828774471
51211,0.28963709201335347
50949,0.251575915381617
53743,0.15830164525333634
50267,0.5717232745985514
52280,0.1334802513676798
50113,0.5833316862950768
52838,0.08561416482804353
54273,0.9191948145003952
51872,0.908354591228266
50864,0.2941910547242193
51766,0.48172766988987364
50334,0.2182324046639719
50807,0.06391212931320298
52949,0.8853126698877722
52613,0.1489854372471733
54100,0.28320565806195297
54071,0.40139721561980996
52814,0.1339314273796709
52633,0.2953383810089586
50428,0.22274038898100518
52245,0.5640617902207021
52418,0.1515214805379891
54199,0.30215797365940245
50513,0.14302376833627906
51626,0.13252360942573527
50605,0.1328383185060976
52193,0.14212569636626585
52075,0.8664655632762932
51903,0.283541388883206
53237,0.14443334951139888
52186,0.7272763694511908
52668,0.9305243582207087
50841,0.2649715105436062
51412,0.16356102101714362
51811,0.9497125334749805
51573,0.2834863710359724
52653,0.07935705065797645
53759,0.08609366762097848
53262,0.9183455221470631
50606,0.77125585425229
53609,0.6199566824522837
52373,0.15865053433202198
53222,0.23222298183092785
53340,0.10650194000541167
51692,0.6907370418530872
52382,0.23912429105959532
53181,0.20214320751392556
53725,0.11620580624701614
51010,0.14335562386829398
52968,0.18105305417125556
51138,0.9394663203506163
52150,0.0777929938017492
51317,0.8979947847516766
53819,0.09735331293465
51104,0.14876191716084444
50673,0.1049357162190862
50002,0.2316383883062844
51391,0.896364733632679
50297,0.6249421233487168
52774,0.29326182769663545
52063,0.20720607417118594
50974,0.18510400664382617
52309,0.08423491645254463
53304,0.2285378846884738
50515,0.17704475358815974
52115,0.15077528325189196
53880,0.19983348206034082
52961,0.9298536403489207
52488,0.6457781330144965
53389,0.6439501901483948
52563,0.1464052486123713
54285,0.3123829636398661
50144,0.20185480568055272
51215,0.13365273459112795
50250,0.11698800592773798
51446,0.10367687942142222
53349,0.658610385589613
51042,0.14754910806695065
53390,0.20561213192316083
50996,0.0975042697113461
52928,0.7568332684303346
50247,0.49584545421414916
51964,0.3829904007832928
51974,0.19274919122966006
51795,0.2219309910365058
50923,0.059986365125415546
54104,0.19716188053769287
52140,0.8286463896225335
51017,0.41963469602933795
50707,0.08547971271075717
53230,0.14359198952346006
54106,0.43960714090236586
53192,0.7188769797676638
52622,0.364794008589523
51149,0.08813965658166255
52038,0.16658899088057022
54105,0.7177549167632358
50073,0.13350204198878204
52149,0.37244243727680765
52491,0.813502354527999
51239,0.10231058248265851
50832,0.23895508476752314
50092,0.1840536089038553
54136,0.7905332482420239
51905,0.33804380968624775
50384,0.10093392297135316
52040,0.17246162017485864
50786,0.09982778100311483
52216,0.2803494242298304
53620,0.21961673138162408
51380,0.38958720801795377
51349,0.22239788560104135
50898,0.3626158440610436
51623,0.23010883979867777
50764,0.1843088084591739
50453,0.41122342803456213
52315,0.2833088639712153
50127,0.09598151094025471
51695,0.23507439296383745
54048,0.4803121245381254
53176,0.19002505716846185
50959,0.1513765072894455
51672,0.24419737268720423
51909,0.27225477641732543
53572,0.14558011515261596
52999,0.22965848621588927
50713,0.11254686636734187
53978,0.1909899254420612
51747,0.15471653800913748
52872,0.18718276980903864
52556,0.1923013004520608
52135,0.2109369358999715
50860,0.09360871081932254
53453,0.10416814022455746
52395,0.6395344367191761
54235,0.14387581711150488
53253,0.5622188288552253
52394,0.3042192733988448
53848,0.09072198400814412
52379,0.2056341654186117
53236,0.20537604265698042
50308,0.632373595763762
53285,0.12867185386187197
50917,0.14669417584875666
50482,0.07085152709184382
53825,0.32043294148754287
53015,0.3029164055172338
51084,0.08092894783468736
51286,0.08704449823188368
52422,0.8532307127289229
50088,0.4551603535354967
53435,0.09992616142362735
51220,0.1529082417485607
52508,0.7030059227129356
54140,0.812122622331536
51988,0.31916665340078754
53219,0.2571063262853981
50239,0.8472190956601972
50554,0.38065529739685033
52908,0.1038943113007196
50597,0.19917570666325612
53375,0.40881304945665914
53452,0.17516037001367254
51328,0.14017735448477597
53232,0.169205760072059
51332,0.8163525922142291
50642,0.21454482329975333
52453,0.25490356742793147
51072,0.22322860309816114
51958,0.2562607464933388
51205,0.5172773007237823
52542,0.1727658592456853
51618,0.4168855438934641
53746,0.10479514639320901
54182,0.4461789739369133
50477,0.4540393914285173
52069,0.5446438639581614
51460,0.24599742035352798
50044,0.047371604646946834
53021,0.3330467195734803
50191,0.12145776915101693
53198,0.25914526183342546
51485,0.11776485929246361
51869,0.3967074615830813
51857,0.1358114811246652
53332,0.08357577954407167
52380,0.336087113295081
54178,0.24031116608043984
53245,0.17768606919357832
53444,0.10942099506934416
53664,0.0798135084322547
51853,0.06353738211008716
53615,0.6302011244073553
52787,0.7454575173400922
53658,0.22118962395677866
50993,0.16521528629207644
50989,0.24371590198882442
51507,0.9189284276794314
52118,0.2834515451827213
53791,0.08113826290012316
53379,0.10456508792503057
53683,0.3169092717344498
52434,0.3548007787820502
52060,0.04930193761760431
50918,0.08034783183475802
51585,0.08984526515146697
54288,0.33756477900107934
52335,0.38876743328676383
50435,0.675467548563479
51662,0.06260554820052916
53599,0.23510681987628856
52673,0.7932494493345957
53445,0.40890522978163046
52495,0.2233531793666773
52533,0.7967522315816576
50096,0.15159409547148464
52290,0.10888168977380738
52164,0.04310372088422822
53142,0.07802391956803058
50160,0.05633972818751595
51617,0.07371676732980317
52537,0.18693052777187494
52381,0.5886246976759806
53062,0.2442370524736931
50022,0.24804980096082146
51462,0.16858917653343147
54060,0.09074849146355549
54253,0.5640938362557492
52145,0.13777503991545287
52520,0.23126172308664472
50248,0.21779373083980996
52620,0.2131210334307965
52547,0.22219105601690803
52236,0.050377031316566824
53809,0.17469702596428763
53322,0.10699779157713916
52121,0.15923766135244935
50132,0.8400515136758367
51991,0.9565758104939798
53193,0.18989484158212744
51150,0.15646263471862912
50271,0.5649533613818657
51194,0.03639384650891588
51823,0.20225763060901636
50249,0.14981659559734908
52146,0.6381965352726041
51996,0.2550127623448451
52727,0.2035546791184954
52144,0.2825673118071038
51537,0.19166155943548036
51129,0.20364506921131656
54289,0.15305874508667214
50710,0.44187786899897047
52970,0.30241530959584084
53748,0.11522183958393079
50834,0.4637650393644078
52342,0.2502731145181906
51638,0.15709942801543042
53190,0.17796394773871616
53209,0.1332777112807463
53931,0.08088693948392912
50608,0.41306203086575366
53143,0.36311453680604294
54163,0.2618885403343981
50379,0.22876532253272192
51433,0.06692722423903168
52505,0.12026185587907187
50504,0.3318398941656883
52530,0.06205219231559013
51310,0.23057098531607703
51026,0.12318111196950735
53673,0.5852764904548486
50941,0.13313000219063606
52155,0.12404064778520874
52035,0.18341449859106704
50293,0.15888878967432526
51022,0.15616539373010035
53496,0.24918351751038517
50265,0.0810207925722286
51816,0.30740476139399425
50953,0.1350867849956703
53852,0.7869283831744338
52385,0.22278628098075828
52991,0.18411665371682165
54025,0.1801113444535198
51790,0.13801197181131028
50678,0.5791945644067927
53614,0.16627837419726052
53471,0.13134054463937417
50274,0.3495845979125432
52466,0.817984787807922
52104,0.30028679985864143
51470,0.18930950187423737
54152,0.7110849626825977
50886,0.24214889030485995
50232,0.18216878355156327
50613,0.12524421480494152
51256,0.06427579225729689
52597,0.16570786095501772
50873,0.3169818638915229
53816,0.11680627779772683
53148,0.10970433032067983
53194,0.39366855178339005
54014,0.5016574561682263
51845,0.8852802743820354
51867,0.9938677753934849
52976,0.30836955698725604
50880,0.3408901354507984
52084,0.22300163139879395
53252,0.7039398896032358
51609,0.1000200384491857
50647,0.7691260369762801
54264,0.2605265647220846
51822,0.331871953234547
53240,0.6622857173221036
53312,0.6798515409456191
52636,0.13305522528148317
50036,0.429759085184111
52323,0.1539377720050063
51762,0.1480763364958325
52827,0.8499233034051189
52920,0.4148787758678406
52578,0.15306820640930438
50201,0.16181911989241973
53292,0.8737635022528915
50030,0.10767595009214863
51590,0.18777218501539641
51560,0.21811929087833973
50822,0.2689940044144732
50937,0.21156816736772194
50903,0.8020422826026046
51459,0.1311547101265263
51475,0.18551989116246842
52087,0.23763010559086511
51612,0.45126757064543915
53371,0.9495800491909514
51564,0.2644394934004751
53965,0.06083365336000003
52187,0.8546686611672079
51599,0.08571303854078449
52736,0.8814913647459267
51839,0.11851943049920749
53330,0.20656222915814898
51388,0.19230383127704093
53041,0.1708582906594594
51240,0.1378285128827754
52023,0.11012777692284764
51850,0.37390855171935516
52198,0.8682192544830393
53715,0.7035719777640467
53376,0.32674708661250035
51324,0.09147228872856758
53050,0.1114722187066815
52948,0.36293700839783927
53011,0.8357187280314731
53027,0.23473620934013026
52798,0.17642334744088212
52600,0.7966241611161806
50627,0.8072815194092808
50530,0.24289812197376476
53869,0.19623375312030242
52985,0.09644311481913252
50373,0.6269032167924803
50844,0.029392049347552494
52030,0.23016703898241567
54203,0.25732018073730034
50226,0.11341628237802856
50193,0.22643752819671628
53302,0.0643548101636103
51011,0.18129813043047918
53497,0.14902305146373226
51834,0.3769786266570252
51517,0.10281532772215841
51248,0.11592858705482177
53980,0.14230225617850148
54175,0.7208808606710598
51690,0.28022873495994266
53364,0.29692145074383497
51028,0.2775085528445118
51237,0.14946445944087658
52567,0.10687942898321418
52817,0.30379169500229186
54021,0.3996010055527252
53083,0.8626910682469129
51549,0.22024624397876488
50914,0.13813884721035272
52758,0.07280236384092684
50184,0.18910914375255503
50727,0.17324290505358378
53217,0.226273160226546
51108,0.8443942403553242
51001,0.15557550271072704
53238,0.3046400355269421
53685,0.1685730125466921
50229,0.11932988993662998
50166,0.2998333132909228
50689,0.15364518472335414
51271,0.09409368404326292
51976,0.3197411027818861
51780,0.24107404674295957
53961,0.07129804140927545
51110,0.8633419789860503
51782,0.01980265855288743
52403,0.14342088554142246
51838,0.2338529865232439
53110,0.104858829308304
52835,0.6797219254545285
52963,0.2019424173087385
51383,0.2567253881472676
52433,0.15574194936094235
53275,0.10532673394946308
51545,0.6514086750773931
52517,0.8786555277898176
54224,0.7367748503571243
51361,0.059016783432233925
51562,0.6409953181821675
51581,0.23716132454528085
50188,0.2949190144272031
50403,0.07688374733103161
53800,0.04594423505999734
52725,0.015296882458174994
51160,0.106977904655075
51503,0.0656815308753451
52562,0.8334897235473583
51746,0.19005607844198355
52497,0.10091974058983161
50152,0.37217189778249155
50815,0.24627993334888587
52171,0.15272404971071635
52081,0.34657367606995093
50892,0.241239146074116
53757,0.06491660339399886
51093,0.3413331989939522
52384,0.11615404339575355
52809,0.28906919114957774
53055,0.18339370772839567
50734,0.20740027384052842
52657,0.08500187139660165
52737,0.26759990032105013
50926,0.15372101492166748
51948,0.842538440242731
50842,0.13404614299196518
50366,0.058536133826461105
51532,0.13635256307498464
52717,0.9267907141937003
52269,0.06792286438343498
50070,0.2616519084116188
53616,0.932782516248843
53094,0.2653926616664153
52025,0.07785279244550583
51032,0.7242780809768082
54161,0.2665381271277968
53046,0.13246219261833395
51882,0.23454042605604533
50819,0.09912752268973538
52321,0.6427836572637419
50208,0.1896557182170744
52484,0.06586945851443081
50396,0.2850033692585059
51902,0.7340843610793564
50720,0.1933896255921894
51512,0.11540148368884581
51711,0.2427711322528006
54112,0.24817697281771556
52611,0.05661486839774978
51374,0.08770916235878178
51090,0.4017204526564382
53012,0.29203041154371856
50706,0.17499489376829358
53423,0.10750480951138806
54011,0.24575402584491182
53874,0.11648270445991368
53218,0.28406722024918335
51534,0.5800911657217096
51610,0.3700053421543417
52819,0.0662648768028599
52915,0.21853283442302196
52442,0.08744636228004028
50058,0.3185018653559649
50287,0.642729127037331
50825,0.6046289697552784
50221,0.4539194911373284
52008,0.313888329363095
53650,0.17060648436980166
52489,0.03979318994285196
53372,0.8574005613155603
52143,0.12092122024920714
51715,0.11754878406376364
52750,0.9285288438952882
51885,0.17775834778517127
53024,0.13949833861426308
53189,0.8174174352226623
53960,0.06353847107068365
54213,0.6584298671326949
52041,0.14630106406426255
50355,0.65525236101449
54284,0.07255369854151511
51228,0.43859635846846834
51656,0.7542978034467124
53968,0.6978819309791626
53632,0.31861241591858086
52703,0.036835215755783315
51622,0.14615802907610484
52677,0.19814649181784813
51739,0.0962851604514552
51134,0.06951560611511413
52448,0.8124530378490661
52273,0.6788415783583738
52990,0.635991040406911
52502,0.26365045624081057
50612,0.44147935211058315
51587,0.10582475026327301
53035,0.840627421016239
53073,0.9288921459297008
51557,0.6906595816554939
54065,0.06473570450210515
53840,0.5022496719784122
50490,0.28943022646301286
51382,0.16816370521802196
50667,0.2594157667924381
52551,0.8109047473820523
50066,0.4132086066189013
51509,0.2364140878509086
53459,0.1887251418003833
50391,0.07871331854803985
53469,0.3544511714912862
51727,0.9588924045878923
51363,0.21217639253735954
53434,0.6054236094411084
51852,0.196719989874878
50295,0.126333315513389
51535,0.07629419942073441
53583,0.38575400367348694
52958,0.6843054090126081
51639,0.28164983581811276
51500,0.7193611043197566
53122,0.07876266671147321
54083,0.10449437559952864
50168,0.7710246648869216
50616,0.10993735579078066
53623,0.1253263545181362
54165,0.6067455167729242
50304,0.12602220273578912
53768,0.2857505074258464
53765,0.1466000632790039
51944,0.10957736098479749
50029,0.07541379441670656
53483,0.10185167219390188
53113,0.04346672250260602
53004,0.684791920805943
51688,0.2655101413323135
52831,0.17783534443804705
54037,0.12006859270725037
53426,0.02398146734762684
50542,0.1627872472354354
50203,0.197914353827391
53338,0.4635338274530288
50671,0.8706271423297182
52926,0.07395766564022203
53025,0.1355182126439792
52777,0.23628925431974543
51757,0.3224690274832559
52734,0.09294913785892162
51689,0.22973429520348315
51238,0.13739253509604288
52585,0.923782517646693
50725,0.06756808263176184
51333,0.1827460835319283
50731,0.7450326533094737
53589,0.07117487650162564
50082,0.20627723639978862
53475,0.06760061197160964
51495,0.23286818962000116
50472,0.2840180606616271
53821,0.12326507960137889
54207,0.48141326785734884
53448,0.8070377452287337
53756,0.17241147599149562
52249,0.11845919815166354
50364,0.08434378523948761
53737,0.24603970225383717
52255,0.05292502820880165
52279,0.08932356159795025
52759,0.08836338423547885
53165,0.127379668451126
52548,0.23391075565470837
50967,0.16842131625189885
53114,0.2631670421401126
53553,0.14973135701582402
51423,0.18863603054882183
54114,0.19994336522199577
53924,0.2670807917435295
51734,0.14610504753012973
52549,0.28632275366640836
53213,0.5978926483977557
51536,0.1946135037654312
51561,0.2840577964099818
52972,0.07533017752134245
54275,0.632598683124727
50500,0.9303668261560207
53565,0.7328154774613559
52741,0.38760809028910126
53613,0.18108443273641567
53701,0.33192247480929016
53984,0.4562215697415812
52372,0.1737915534531478
50871,0.10286073814243589
52676,0.1901873611819895
53136,0.1982427569507626
53790,0.24525056067248066
50013,0.15327654188198758
53979,0.23341909727784202
52014,0.04317582263979207
52733,0.14376338988230114
53873,0.16447103043441874
51521,0.7647506369123427
51721,0.25689714213610626
50025,0.23945406955176501
52327,0.6454881958857008
51342,0.6903700373648248
52861,0.10838532467595598
50936,0.2626471038048909
53606,0.7110710482423859
50928,0.6013358888309988
53123,0.8346471039793119
50998,0.45771227995991964
51683,0.9130178263154234
50190,0.23246264341937797
50451,0.270614695887992
53832,0.14039491530010761
53936,0.08541654729104285
51558,0.24931014880861233
52108,0.30950965145569215
54251,0.27423558701341527
50076,0.2091211118895901
54280,0.9416948864125562
51669,0.7535998739530199
51030,0.11154464894735389
50797,0.08226763051040747
51724,0.2845991894275791
54067,0.11853019272518155
51586,0.17158109998689586
52242,0.31108796425990803
52175,0.08681803898272981
51665,0.44819194235376014
52253,0.057897257837569195
52454,0.3381868026948863
50897,0.1901323649795793
51132,0.1986117034253146
50774,0.16438822713959272
51436,0.13572243045817184
53360,0.28434308384509094
50296,0.23422108436237327
52032,0.0833519059080021
53554,0.29666754035158044
53859,0.33712221366180206
50041,0.15405030907748177
53986,0.8646482940712201
54230,0.14308457679886527
50631,0.6789382176239465
50340,0.1319643582782036
50146,0.08283285547106942
52458,0.8926861113547986
52316,0.24162838655505522
52824,0.1669679180941896
52148,0.204137096055387
53140,0.0716129040592961
54031,0.15225752602183135
54066,0.10360293730340019
50206,0.12132424642590142
51229,0.14314219466339848
50899,0.4029005317402996
51370,0.8877323627429801
51152,0.7596208582653862
51395,0.233720552522368
51487,0.2551822168114797
53387,0.11764205504244991
50911,0.18285088025903823
53884,0.27491616929851054
51131,0.3145212689885481
54081,0.06023208045456285
53133,0.08098465051682686
52260,0.14004526712591042
51611,0.07746801426393175
52608,0.6803325094573266
51827,0.18717476577847364
50378,0.40229748111507857
50272,0.1256459979382927
51667,0.2351800012074933
51319,0.11350383015506811
52325,0.19544868048106936
53242,0.23577064813245494
54262,0.0843853790612693
52702,0.6757396213899778
54265,0.21420103921799152
51096,0.6259493801787611
50785,0.21383486777768795
52663,0.3406708654321493
52240,0.11561581410192887
53424,0.1166028172147003
51820,0.1250046975648912
51309,0.17314399694345206
53227,0.1235951386001804
53039,0.1007845875615733
50539,0.5809755315911954
52199,0.9014377054295774
52763,0.2143206783365496
50494,0.8928124233395988
51828,0.335060602952761
54080,0.3340633019843295
53388,0.18262383102635676
50433,0.23541830900687413
51941,0.0974180747507723
50294,0.3183931354563261
50398,0.2326450754091738
51934,0.10052689214193274
52165,0.14393250622918644
52127,0.11773889416543491
53316,0.1925201913557399
50157,0.9515611119301374
50645,0.2455955780198964
51210,0.21465407635913672
54135,0.12114569157299132
51731,0.6721906950560648
54241,0.09739600890537826
50924,0.11658632904266379
52170,0.547365129657348
52053,0.10247553292501439
51920,0.9101155683783546
52726,0.37189995772130763
50877,0.15088470463190845
50741,0.32236402288387833
51006,0.10886941724051984
53974,0.24351514585146627
50397,0.11557682749797774
51068,0.9438864394388682
52330,0.836066453300296
53665,0.14803899235649626
50363,0.11358737421966217
53298,0.6066206081982581
51354,0.32671546341197877
54028,0.30176093898368495
53801,0.2575553119474045
51320,0.7423686495008222
54015,0.20715517262413585
51578,0.15707659164791174
50965,0.8107774327232808
53713,0.1598526721196664
51078,0.0843556958111886
50254,0.5248910285580565
53686,0.706999984265948
50550,0.41657606630112626
50532,0.13174934265100147
50333,0.07252301838826589
52271,0.6586161552354773
53044,0.2000936236055648
51352,0.4037464643020073
51264,0.13118225739984238
53327,0.10789001529495244
50922,0.30291470897964295
53760,0.21832298518592946
50402,0.285853149369921
51805,0.7275039734886068
54016,0.25598753704075444
53943,0.3001682158512669
54221,0.25703582772690403
53455,0.9185673291099673
50407,0.22761826638793267
51296,0.1676877152684782
53841,0.2544416464124062
51259,0.24870821395508294
51102,0.39441899169133976
51907,0.21860568669787872
51016,0.19437765249065367
51733,0.7206431500575571
50615,0.46408747948111595
52813,0.3065070752885313
53134,0.3148107192854965
51117,0.17465239476774003
50535,0.18584756521944656
52956,0.15547045446817623
50859,0.40312485507779694
51344,0.20931056307371382
53876,0.5697302185604565
54095,0.850208487145652
52786,0.3327706528369058
53610,0.27029042351901633
51592,0.24948852293193452
54076,0.07115088425635245
51171,0.1575405591019386
51368,0.15803554030869987
53595,0.13356101937666873
51163,0.0638145892898502
51066,0.8508608189435144
50141,0.29076167430353017
50596,0.15186323703340607
52388,0.4737781559447832
52479,0.935510504571794
52313,0.13068511291704327
51497,0.6913905922139982
53594,0.10629695739643835
50531,0.10549409357130911
50401,0.5246618163400651
51308,0.20252024386975864
52691,0.14616050338319106
51847,0.1460182425282368
50636,0.25947351979163297
51858,0.38677068367409956
53071,0.34964934517120694
51410,0.2747989512836874
51400,0.234147765285275
52083,0.1978311017390473
54097,0.5872776978571461
50124,0.263307022933714
51362,0.07186148124839734
53526,0.06901762268845021
51313,0.3367056344787879
52503,0.24394869156391227
51241,0.13497185060399464
53370,0.18225787109807323
50006,0.1479091632431134
53993,0.1454407667804154
50056,0.17320480052357892
52061,0.18131540635573193
52558,0.3680703684829346
51635,0.1654678094512254
52658,0.2159855272338597
53794,0.3632467638578718
52665,0.15694586037784983
50589,0.15670266003339606
52812,0.07884042181877915
50966,0.23786167942549788
51185,0.12419486370161531
51127,0.16442964463064344
53504,0.1931739762331891
51284,0.5379914132297008
53049,0.6764603951258629
50358,0.3066739808927296
52594,0.23477665495750333
54266,0.7039598328786116
50672,0.21710005504215893
50679,0.24429806324115488
54219,0.33692415474365633
52319,0.17128966816131985
52184,0.13952833157527128
50292,0.1929015616759482
50085,0.5656277122589367
53310,0.12391440265242491
50958,0.20085828220136429
50943,0.12402069368729178
50130,0.294334555925412
50290,0.06033688042624424
50155,0.12160865446051919
51523,0.2854034441599474
53557,0.31891999536522997
50217,0.3414357806029631
53187,0.2909491373655247
52751,0.35152640013390607
53767,0.581125942853039
50405,0.2432881582029363
50260,0.1104781267457524
54263,0.21698605864885298
53443,0.10483058258836402
53437,0.49475456842196225
52223,0.13150242311053126
51154,0.1322611026921721
51118,0.9086353885441699
50512,0.20663524348222226
53202,0.48724206363922024
50577,0.16206543589976397
50476,0.12112501649410314
51538,0.3196621848596296
51710,0.0630650931886618
50499,0.5272854988553168
51174,0.36656742344829113
50498,0.18062493867280566
51275,0.2827998601980739
50086,0.7859601363106071
53353,0.23991394715660233
51283,0.7354943976646018
53560,0.10024643782228772
51221,0.27299515403972324
52396,0.761654056633427
52392,0.19850549002514484
51454,0.14153665946909144
51743,0.31553188402152327
51785,0.0355503900650182
51175,0.5894439213023196
50179,0.19908443809691434
53451,0.7192834286210603
50466,0.3608158653469045
53239,0.19421748795076885
53063,0.17812494853473668
51546,0.11762988938409835
52953,0.845652789146871
51218,0.2606877592239548
51502,0.3164839324111756
51408,0.21548237017299554
50262,0.7231651048975614
50526,0.22688830709814833
50847,0.12308991088918002
51015,0.4215877962581995
50316,0.1270616447563223
54198,0.08471927020619775
51035,0.08308718374469863
50566,0.48288133574805764
51891,0.14114005907965846
50604,0.18070848994324198
50620,0.23928888719955363
50291,0.14823970924749452
51797,0.8753148137031416
52057,0.1393154474256908
53651,0.25648843840586016
50795,0.08965341007123287
52096,0.23938285732019068
54070,0.4467217789253516
53309,0.18518281526429026
50411,0.09964269618034399
50288,0.18120909633651733
53562,0.12614384760923775
54069,0.29590166249102834
52426,0.23636457044117642
52229,0.9267248174025484
50800,0.31138664212339606
52518,0.4405384556996687
53416,0.5341372280783584
52656,0.2207769054543859
54167,0.4945374239183399
52605,0.2711909052111087
51345,0.04382484914045957
51712,0.6500499485949748
50502,0.28901321990360024
52525,0.8709184903688684
51231,0.1773238520184442
51451,0.19613577114318742
51910,0.1434100372252779
54049,0.18509901233829834
52408,0.1967263574060143
50621,0.3581561253969144
50034,0.12527261323704844
52353,0.666812857996592
53129,0.2518461833187691
53101,0.21283310505256126
52529,0.20500796492682336
51373,0.1648138909020101
53344,0.06766916976328882
51086,0.477071201249286
52456,0.22794069526663685
54096,0.16798100624238504
51701,0.019147385149345823
53103,0.21045093868991926
50578,0.1850439675697709
53867,0.0446972755030791
52181,0.7664519887726493
52268,0.13563625912359417
51080,0.17090160205344476
52989,0.1946857428359785
50207,0.30142036455548804
50696,0.10229168203808388
51526,0.24035690039807572
51420,0.6620905189482496
53079,0.09425355028414212
50814,0.11251494614953364
52136,0.7719122464841001
50450,0.50153436240828
51501,0.7081282932147214
50473,0.7567196670220694
51840,0.20819865884241165
50702,0.17480650184640328
53909,0.07602039626764051
51864,0.720850452482333
52349,0.34706396532905237
52100,0.2320024997754127
53929,0.25525095576251416
50505,0.24125388973376893
51060,0.10923069162963313
51673,0.17353086645905008
50794,0.20047778802123356
52560,0.13771623669453428
52767,0.061715931052100215
53814,0.19733349608556303
52799,0.15629592540193632
51775,0.1584464238915127
51279,0.9140907668561437
53091,0.10472802972327971
54223,0.36465710834503146
51954,0.05460642672924539
50382,0.17019676737383027
54174,0.8342571514212112
52655,0.07613445210612932
54055,0.12084129019871355
50947,0.16765972904853302
54074,0.15568997755666278
50874,0.6056322053572675
53675,0.09158356118364716
51982,0.1311516678182405
50619,0.11263444973890717
53070,0.6532236763009382
53973,0.4069496658252997
50784,0.28641902460012075
51929,0.10169943291319603
52021,0.1504876027903855
52226,0.10026533317261367
52015,0.6791950764100876
52877,0.07928011595305598
53950,0.2037947444270993
51791,0.21930889686518
53203,0.06257173514382698
52308,0.27722947054347735
53777,0.25125334108275266
53481,0.2511695828473784
50313,0.09871213331205494
51422,0.29882199012173555
53919,0.6652101375801516
53705,0.1885549684616249
52348,0.23662157062297684
50345,0.11653264783025141
54042,0.34646280007691654
50792,0.12006924609584826
53829,0.4182791587635607
53617,0.21194035881789486
51921,0.13157850402884622
51203,0.09018881981963671
50571,0.1346363638445235
54181,0.45098183743650044
53417,0.30090096710633574
51074,0.29620638084401507
50654,0.09252832932519485
51434,0.2971564141471409
52645,0.2681345214954938
50169,0.13423103998795252
50869,0.13854959981835266
51141,0.15175067205792125
50352,0.5872460218702947
52445,0.26983393603966216
53191,0.7597270306768918
53486,0.5041167065362131
50156,0.11049801093795117
51559,0.09636680273659479
50599,0.6192702056195896
53099,0.2222542460589794
53815,0.7149602113895225
51684,0.16972779313487182
51977,0.21605266307708884
53065,0.8142361055017009
51589,0.24968696390532494
50569,0.6642602254791189
52959,0.8293789750934414
50020,0.13874592808169925
50876,0.15182747199121774
52192,0.14305681872742
53972,0.5582255906348093
53396,0.18863452165829073
53056,0.29515075950550657
52720,0.527349053331215
52806,0.8001366571326751
54024,0.11325095035256133
53528,0.07519115697244852
51880,0.6526555279441092
51142,0.3132641637993617
52550,0.24206313831974982
53913,0.11998973901985759
53808,0.173162278484016
53847,0.1541406146243396
51280,0.8621858247950701
53707,0.09971235602951026
51965,0.06732684588767908
51748,0.16283825851334496
52866,0.060108440653783214
50811,0.38974128741973507
51819,0.12756453688994396
52337,0.07547587510741402
53149,0.16260449244720146
50430,0.4526597150693726
53654,0.54336753059842
50848,0.11054161069273005
51145,0.1117559253449262
52821,0.5104146335987515
52044,0.18496838461682064
52169,0.18372752414676627
53633,0.1496978096464028
52811,0.21790903064787875
54029,0.14112573853428964
53793,0.45899939274407414
52882,0.23588811841578433
52898,0.30658441620137533
52098,0.95584842354023
50158,0.11334865326034359
50561,0.1178158220613543
50890,0.14759315580430374
50932,0.8636736429566084
54033,0.2639657180063363
51070,0.8185879328208072
53105,0.8807502091634211
50724,0.11662430705655687
50573,0.1330626277615469
51316,0.33341359650425956
52359,0.36497899147013907
52344,0.8678815894594799
53303,0.18212038278556703
52399,0.173347351952063
54089,0.8831534984004004
54270,0.6889300211741044
50348,0.32454309995862607
53374,0.28273021622891964
51414,0.18932997294771917
50067,0.1428342881458871
54164,0.17743421848492882
52716,0.8104385202537868
52161,0.2256918809217269
53263,0.1352982391500789
50031,0.14875613441458677
51050,0.38391140752651803
52879,0.22948588445341772
53090,0.08256723914196416
53261,0.27764232837306185
50567,0.10876598136857915
54075,0.34456250197909927
52052,0.3430214285554864
50908,0.3742442950412878
53051,0.2570604161382833
50609,0.20983801959213996
51257,0.3246430004062244
53164,0.9418212405624643
51924,0.7490123824300717
53592,0.06389012840381603
50536,0.12689027856776539
52618,0.8452863665255952
52404,0.08137410992961602
54177,0.9274961890765299
50780,0.15310277484547813
53622,0.19155548749914297
54222,0.10519330796005841
51642,0.42679462192863044
51407,0.188917000875125
50107,0.28260902423800355
52846,0.4009346692326341
50116,0.9021608941499022
51937,0.1402506473867681
52101,0.7327765017762803
51756,
54115,
50547,
51276,
53671,
53499,
53089,
50595,
50758,
51674,
52504,
53642,
53513,
52071,
51718,
52818,
52836,
52689,
53522,
53586,
54046,
50106,
52022,
53921,
53295,
51064,
52721,
51708,
50339,
52046,
50999,
53026,
53244,
53457,
54236,
52427,
51927,
51979,
54258,
51165,
52800,
52609,
52925,
53908,
51092,
51678,
51217,
54169,
51922,
50854,
50236,
50368,
52843,
50633,
53531,
50104,
50970,
50756,
51476,
53561,
54019,
50906,
51760,
50907,
50057,
53763,
50488,
52303,
51147,
50882,
52757,
54257,
50701,
52173,
51492,
53992,
51911,
53020,
51608,
50194,
50893,
53343,
52211,
53399,
50225,
52905,
50802,
51651,
51810,
50061,
53893,
51447,
52430,
54102,
51193,
54090,
53331,
54027,
51335,
50492,
53507,
52066,
51449,
51126,
50712,
53585,
51951,
53824,
51702,
53249,
51607,
51348,
52568,
51367,
50709,
52874,
53313,
51041,
51322,
52575,
50480,
53846,
52114,
52074,
53422,
53119,
51489,
52744,
50456,
53742,
51018,
50861,
52067,
52254,
50759,
51236,
53010,
52119,
52310,
50798,
53121,
50685,
52416,
51339,
51488,
52522,
52080,
52357,
51914,
53279,
52610,
50145,
53419,
53137,
52718,
51416,
52275,
50120,
51713,
52876,
53789,
53872,
50538,
50516,
51033,
52904,
50942,
54267,
52507,
52250,
52723,
51312,
53719,
50095,
51680,
51405,
50867,
52944,
52358,
52943,
53785,
52828,
51009,
53215,
51063,
50730,
53866,
50289,
51146,
50528,
52291,
50593,
53305,
50410,
51468,
53996,
53383,
53902,
53008,
50971,
52410,
50625,
50446,
50307,
50351,
50704,
51912,
52607,
51411,
51465,
53728,
50585,
52711,
50752,
51338,
50711,
50831,
52680,
50148,
53898,
53762,
51654,
51628,
53028,
53346,
50360,
52429,
52498,
52487,
50143,
50546,
52971,
51170,
53730,
52239,
52225,
50591,
52869,
50154,
52746,
51306,
50371,
53534,
52966,
51023,
54227,
51883,
52176,
50739,
52830,
51960,
52764,
52147,
52402,
51355,
51704,
53159,
52134,
51417,
52519,
53326,
53751,
52111,
52967,
52710,
52776,
52892,
51128,
51435,
52779,
53510,
51593,
51947,
53131,
52467,
54204,
51469,
53170,
53538,
50563,
50109,
53604,
53605,
51567,
52749,
52509,
52036,
51580,
51940,
50202,
54087,
50424,
53755,
50192,
51197,
54166,
50519,
54068,
53733,
51846,
53265,
52432,
50558,
50708,
53860,
50037,
50425,
52483,
52213,
51196,
52643,
52289,
50108,
50497,
53837,
53247,
52210,
53962,
51812,
51603,
52775,
51049,
51981,
52740,
54252,
51604,
50245,
50733,
50763,
50280,
54131,
50253,
50549,
53082,
53969,
51461,
53983,
51758,
53720,
51641,
53769,
50393,
53862,
50386,
50771,
50828,
50181,
53074,
54250,
53845,
53684,
51439,
50419,
53603,
51770,
52632,
51002,
53183,
51916,
51318,
51547,
50572,
53248,
51786,
50740,
50277,
53097,
52598,
51686,
51531,
54002,
52339,
53503,
54154,
51888,
50377,
51183,
54000,
50666,
51576,
52629,
51884,
51621,
50658,
51890,
50079,
53407,
53257,
53888,
53421,
52346,
50915,
51967,
53803,
51398,
52270,
51901,
53959,
52940,
53813,
51168,
52543,
51179,
51993,
51745,
54063,
54277,
52705,
51552,
53266,
52343,
50322,
50783,
51953,
50743,
50327,
50766,
53963,
50045,
53570,
53987,
52292,
54047,
53999,
50788,
52203,
53146,
51429,
51990,
52911,
51243,
54226,
50121,
52932,
52659,
54278,
50723,
51898,
52921,
51288,
51251,
52875,
51871,
52870,
50851,
51640,
53877,
52946,
53556,
51321,
53410,
52692,
50772,
50626,
51896,
50699,
53201,
51430,
51514,
54010,
50016,
51155,
50894,
53172,
50147,
53895,
53887,
50422,
53267,
54099,
53397,
51925,
51133,
50315,
54134,
50437,
53162,
52413,
52424,
52332,
50142,
50663,
52969,
52420,
50110,
52981,
53990,
50705,
51583,
52107,
54212,
50714,
52912,
51230,
52616,
54051,
50426,
53575,
54123,
52935,
51473,
53998,
51399,
51079,
52172,
53160,
50224,
52088,
52851,
51499,
52129,
52960,
51970,
53368,
52043,
50212,
50071,
51177,
51044,
50850,
51707,
54172,
50744,
53442,
52457,
53145,
52531,
53157,
53463,
53823,
53729,
52888,
52218,
53564,
52231,
53542,
50126,
51326,
52841,
50312,
53647,
53128,
50102,
54107,
53418,
50790,
52713,
54030,
53629,
50429,
51661,
51455,
51404,
52124,
52257,
51556,
52283,
53580,
53359,
52493,
52730,
51178,
53047,
52224,
51620,
51693,
52007,
52259,
50614,
53527,
52722,
53994,
52499,
53308,
53774,
53241,
52889,
52829,
52577,
52580,
54003,
54035,
52485,
50562,
52706,
50954,
52451,
50103,
51052,
52444,
52803,
51645,
50888,
53059,
52639,
53611,
50775,
50817,
53781,
50629,
50634,
50049,
53997,
51906,
52862,
50469,
50891,
54268,
52807,
50652,
51202,
52018,
53818,
53907,
52596,
50072,
50590,
50187,
52153,
50742,
51913,
52855,
54146,
50793,
54254,
50910,
50054,
52595,
50467,
54215,
53289,
54168,
53690,
52955,
51299,
52409,
53268,
50765,
50040,
51059,
51105,
52881,
51874,
50602,
50789,
51292,
53942,
53896,
52986,
50328,
53941,
52047,
53068,
50487,
50900,
50101,
52028,
52994,
53030,
51729,
52501,
52062,
53042,
51057,
53590,
51554,
52728,
50718,
52571,
53856,
51403,
51570,
53425,
52306,
53120,
51143,
52191,
52957,
52810,
50318,
52561,
50302,
52000,
50075,
53697,
52103,
53197,
50968,
54120,
53484,
50875,
53602,
52311,
53559,
50824,
53682,
52847,
53414,
50023,
50656,
52675,
52919,
50374,
52281,
52322,
51327,
52024,
53272,
53529,
53661,
53631,
54098,
50858,
53917,
51111,
53955,
53124,
52405,
50745,
52354,
50483,
54092,
53530,
53548,
52747,
52895,
52159,
53925,
50198,
54103,
50559,
53940,
53291,
51073,
51061,
53546,
51783,
52438,
54122,
53692,
53640,
52857,
52693,
53347,
53827,
54062,
51624,
50337,
52816,
51415,
50904,
53002,
53231,
51432,
52055,
50084,
51365,
50131,
51331,
52951,
51792,
51873,
52142,
52389,
52936,
51014,
52987,
50816,
51983,
52977,
51644,
51877,
51928,
53582,
50204,
51438,
50486,
52126,
50089,
52045,
50004,
50062,
50587,
50813,
50219,
50149,
51176,
50837,
52355,
53636,
51337,
51227,
52918,
50301,
51540,
53367,
51071,
52555,
51153,
52845,
52523,
53833,
50323,
51453,
53229,
54218,
51095,
53003,
50692,
51424,
53696,
52049,
53333,
51837,
53525,
51738,
53040,
50303,
50582,
52745,
51625,
50639,
54272,
50134,
53473,
53493,
52781,
50951,
50015,
50916,
52696,
53706,
50213,
52952,
51140,
53233,
52258,
52034,
50387,
52865,
51186,
53970,
52822,
52864,
51818,
50421,
50987,
53865,
51087,
53411,
51360,
51467,
53006,
52715,
50919,
51058,
53168,
51741,
54179,
51356,
52709,
52156,
53084,
51931,
52634,
53644,
52263,
51814,
51660,
53857,
51831,
52085,
51369,
53875,
51122,
52027,
51181,
53406,
51518,
51098,
51289,
50878,
53727,
54121,
52059,
51379,
51051,
51448,
53096,
52378,
53656,
52962,
50703,
50305,
53891,
53519,
51664,
54274,
50380,
51192,
53358,
51918,
50638,
50809,
52701,
53102,
51038,
53260,
52700,
51703,
50436,
50233,
52051,
50884,
50846,
52464,
50961,
53080,
52826,
52697,
51999,
52455,
52635,
53468,
53638,
54072,
53828,
52844,
53966,
53064,
51868,
51216,
52197,
53797,
54044,
53369,
53552,
50299,
53382,
54185,
50887,
54094,
52288,
52247,
53985,
52093,
52447,
54200,
52185,
52593,
53107,
51189,
51054,
53717,
52582,
54018,
50381,
50205,
54247,
51832,
54054,
53314,
52686,
51908,
52496,
50510,
52471,
52054,
51121,
53482,
52206,
51588,
53258,
50032,
54202,
52204,
52569,
52006,
51358,
52538,
51598,
51004,
51282,
53243,
53287,
52641,
51571,
51260,
54127,
53550,
51047,
53899,
52670,
50994,
50350,
50406,
50939,
50545,
50459,
53549,
53935,
53858,
52386,
50681,
50895,
51917,
50153,
50122,
51191,
52168,
54009,
52894,
51606,
52648,
52511,
54036,
53660,
53648,
51841,
51166,
51543,
54153,
51258,
53464,
50586,
51904,
51273,
51769,
50946,
53937,
51082,
52893,
51647,
52570,
53429,
50197,
53278,
50150,
52576,
52738,
50180,
53363,
51804,
50992,
53798,
52880,
51565,
53246,
53820,
52698,
50257,
50392,
51441,
53093,
53005,
51272,
53384,
53843,
54156,
51505,
50474,
53300,
50118,
50178,
53436,
53409,
50686,
51633,
52345,
53991,
51789,
51698,
50761,
51966,
54217,
52157,
51437,
51663,
50064,
52590,
53646,
53377,
50935,
50649,
53736,
52760,
54159,
53092,
51384,
51242,
51034,
50732,
52965,
53173,
50684,
50139,
50223,
52123,
51881,
53624,
53465,
51484,
52930,
51824,
50068,
53788,
53277,
50643,
53380,
50588,
53109,
53579,
53432,
51550,
51855,
51597,
53357,
51717,
52756,
53667,
53196,
52671,
52771,
54133,
53923,
52975,
53897,
52443,
50839,
51613,
51208,
54144,
53127,
51314,
52526,
50010,
50165,
51972,
50555,
54228,
50115,
50682,
50310,
54229,
50475,
52468,
51222,
52602,
50879,
53385,
50218,
50211,
52682,
51666,
52102,
53126,
51555,
53905,
50648,
52886,
52019,
54119,
51594,
51012,
53394,
51353,
51915,
51516,
52766,
53637,
51933,
53830,
53926,
52195,
53001,
52302,
51889,
52154,
50565,
52440,
53932,
54261,
50230,
52194,
50048,
51019,
52215,
51528,
50956,
50052,
50598,
51755,
50808,
52095,
53480,
53628,
53758,
53373,
50399,
53735,
52672,
50651,
53234,
52906,
50468,
51730,
51013,
53669,
54141,
50347,
51595,
52328,
50990,
54004,
51483,
50715,
50009,
52788,
51668,
51798,
52318,
54093,
53566,
53747,
50285,
52589,
51652,
52789,
50444,
52391,
51875,
50830,
52151,
52431,
50099,
50781,
50803,
52903,
53946,
50495,
52480,
52190,
50827,
53740,
53655,
52214,
52209,
53714,
54279,
53208,
53981,
51952,
53088,
51137,
50007,
51219,
53297,
52221,
52494,
54211,
54201,
52914,
52627,
53545,
50868,
52252,
50902,
50580,
54193,
53184,
54137,
50485,
53048,
50644,
54244,
50945,
52010,
52907,
53783,
53977,
51486,
53850,
50003,
53449,
51037,
52406,
52476,
52324,
50266,
51490,
50749,
53301,
50491,
51893,
51742,
52078,
50445,
52808,
52421,
54189,
53766,
53949,
53188,
51246,
51482,
50617,
54281,
51224,
53621,
51677,
54056,
52390,
52559,
51655,
51029,
54148,
50944,
51525,
52439,
52276,
52931,
50517,
50479,
50799,
52082,
51268,
50008,
53861,
53598,
50231,
53391,
50440,
50525,
50624,
51634,
53144,
51372,
51722,
50094,
52591,
54045,
53018,
50415,
50209,
51199,
51504,
50281,
51942,
51130,
53851,
52437,
52996,
52299,
52937,
51157,
52938,
53461,
50059,
50520,
51351,
54220,
51036,
52791,
50668,
50017,
52924,
52286,
54151,
53061,
52769,
50753,
51262,
52261,
53288,
50957,
53130,
51637,
53894,
53494,
54101,
52615,
51445,
52116,
53625,
52133,
53318,
50912,
52514,
52927,
51963,
52477,
50417,
50412,
53718,
50196,
51249,
51752,
50284,
54188,
53920,
51135,
51568,
51169,
52714,
52732,
53889,
52428,
53571,
53060,
52896,
54034,
51803,
52338,
53460,
50359,
53478,
52412,
52572,
50574,
53754,
53543,
52031,
50693,
52752,
53773,
50112,
53174,
50414,
52637,
51214,
50338,
52534,
53812,
51076,
53100,
51089,
52922,
51269,
51826,
53842,
53393,
52891,
53014,
52642,
50927,
52356,
51926,
53458,
51895,
51378,
52106,
50159,
54190,
52234,
50244,
53439,
51099,
52205,
52174,
51768,
53795,
52370,
54246,
51083,
52852,
53284,
52825,
53175,
54214,
52230,
52901,
50845,
54283,
51544,
53515,
54038,
51794,
51252,
51773,
50273,
52923,
50182,
54084,
51075,
53269,
51817,
54130,
50462,
53523,
52137,
53296,
54184,
53558,
50050,
53771,
50853,
52463,
52724,
53438,
50534,
51854,
50234,
51513,
50680,
54109,
53939,
50581,
52449,
50698,
51761,
50438,
50527,
50628,
53440,
51900,
50717,
51887,
53223,
51463,
52180,
50738,
52077,
52687,
50238,
51359,
52371,
51878,
53817,
50227,
52256,
51020,
51582,
53587,
53952,
51975,
51771,
53738,
52398,
53320,
53627,
50051,
50507,
53108,
53681,
53150,
53085,
51699,
52623,
51285,
50478,
53989,
51801,
52241,
53456,
52452,
51614,
53741,
53704,
51825,
52942,
51584,
52539,
53903,
52754,
53761,
53711,
51287,
50000,
53317,
52009,
51784,
52297,
53541,
50889,
53180,
53498,
52753,
50979,
52331,
52361,
52644,
51763,
54155,
54061,
54143,
50367,
52162,
53034,
53017,
52982,
54248,
50978,
53750,
51265,
52782,
52859,
51749,
53532,
50849,
52065,
51209,
50114,
52978,
50818,
50787,
52603,
53224,
51056,
54111,
52546,
52667,
53577,
54050,
51427,
53731,
53918,
53029,
50241,
50529,
51180,
51442,
51772,
54231,
53618,
50506,
51579,
53957,
54160,
52058,
51751,
52005,
53709,
53250,
52300,
51629,
50805,
54040,
51124,
53649,
50314,
51777,
53944,
52566,
52513,
50931,
51685,
54078,
52890,
53716,
53518,
50362,
53732,
50630,
54186,
51788,
52369,
52233,
53204,
52916,
52804,
53871,
53958,
50119,
51959,
51062,
50840,
50493,
50443,
51842,
53156,
50019,
50418,
53945,
50991,
50385,
50929,
50264,
51452,
52158,
53210,
50934,
54290,
50275,
53400,
51723,
50133,
51759,
51307,
50496,
50335,
53335,
53214,
50441,
53161,
53995,
53095,
53151,
53776,
51394,
51350,
52552,
50408,
51115,
53153,
51255,
51866,
50140,
52685,
53885,
50688,
53864,
50583,
50332,
51293,
54023,
53775,
51945,
